{
  "project_info": {
    "project_number": "238990652625",
    "firebase_url": "https://video-player-b8f9e.firebaseio.com",
    "project_id": "video-player-b8f9e",
    "storage_bucket": "video-player-b8f9e.appspot.com"
  },
  "client": [
    {
      "client_info": {
        "mobilesdk_app_id": "1:238990652625:android:c688c22219cade2a",
        "android_client_info": {
          "package_name": "video.videoplayer.projectplayer"
        }
      },
      "oauth_client": [
        {
          "client_id": "238990652625-u7gvmjols7d07h8725cb225mu56do332.apps.googleusercontent.com",
          "client_type": 3
        }
      ],
      "api_key": [
        {
          "current_key": "AIzaSyBASAgtpmd4gD_z8tKAQVR8phknBeuV72Y"
        }
      ],
      "services": {
        "appinvite_service": {
          "other_platform_oauth_client": [
            {
              "client_id": "238990782625-u7gvmjols7d07h8725cb225mu56do332.apps.googleusercontent.com",
              "client_type": 3
            }
          ]
        }
      }
    }
  ],
  "configuration_version": "1"
}